group,ultimate_parent_name,ultimate_parent_country,deal_number_deal_id,borrower_issuer_name,borrower_issuer_country,year,closing_issue_filing_date,maturity_date,years_to_maturity,years_expired_31_12_2020,months_to_maturity,months_expired_31_12_2020,days_to_maturity,type_short,type_of_financing,description,use_of_proceeds,original_currency,principal_tranche_amount_in_mln_of_original_currency,principal_tranche_amount_in_mln_us,total_package_amount_in_mln_of_original_currency,total_package_amount_in_mln_us,interest_rate_coupon,interest_rate_is_proxy,borrower_issuer_cusip,isin,manager_name,manager_country,manager_role_participant_type,known_manager_commitment_amount_in_us_mln,per_investor_value_in_mln_us,percentage_of_principal_tranche_amount,investor_parent,investor_parent_country,source,database,profundo_ultimate_parent,profundo_borrower,si_target_market,deal_fee_income_us_mln,deal_fee_ratio,loan_interest_income,interest_period_used,total_income_us_mln,x44196,closing_issue_filing_quarter
Socfin,Socfin,Luxembourg,OkomuAR17-1,Okomu Oil Palm Company PLC,Nigeria,2016,2016-08-01,2021-08-01,5,1,60,-7,1826,Loans,Corporate loan,NA,NA,NGN,2000,6.11621,2000,6.11621,16.8680157641191,TRUE,NA,NA,Zenith,NA,NA,6.11621,6.11621,1,Zenith Bank,Nigeria,"Okomu Oil Palm (2018, June), Annual Report 2017, p. 60.",AR,Socfin,Socfin,NA,0.03178956589081909,0.0051975922819555076,3.138251753460902,YEARS,3.170041319351721,NA,3
Socfin,Socfin,Luxembourg,AL417932 Corp,SOCFIN SA,Luxembourg,2016,2016-12-09,2021-12-09,5,1,60,-11,1826,Underwriting,Bond issuance,SOCFIL 4 12/09/21,General Corporate Purposes,EUR,80000000,84.488,80000000,84.488,4,NA,NA,NA,ING Bank NV/London,NA,Bookrunner,NA,84.488,1,ING Group,Netherlands,"Bloomberg, 'BBID: AL417932 Corp', viewed in February 2017.",Bloomberg,Socfin,Socfin,NA,0.29428860160000003,0.0034832,-,n/a,0.29428860160000003,NA,4
Socfin,Socfin,Luxembourg,OkomuAR18-1,Okomu Oil Palm Company PLC,Nigeria,2018,2018-05-01,2024-05-01,6,4,72,-40,2192,Loans,Corporate loan,to finance the procurement of items,NA,NGN,1947,6.379423328964614,1947,6.379423328964614,16.9038969646886,TRUE,NA,NA,Bank of Industry,Nigeria,NA,6.379423328964614,6.379423328964614,1,Bank of Industry,Nigeria,"Okomu Oil Palm (2019), Annual Report 2018, p. 66.",AR,Socfin,Socfin,NA,0.033157641457953385,0.0051975922819555076,2.0393309547859961,YEARS,2.0724885962439497,NA,2
Socfin,Socfinaf SA,Luxembourg,NA,Socfinaf SA,Luxembourg,2020,2020-09-30,NA,NA,NA,NA,NA,NA,Shareholding,Shareholding,NA,NA,NA,NA,NA,NA,NA,NA,NA,NA,NA,Delen Capfi Private Bank,Belgium,NA,NA,1.35491342,0.7288,Ackermans & van Haaren,Belgium,"Thomson Reuters Eikon, 'Share ownership: Socfinaf SA -  30 September 2020', viewed in January 2021.",Thomson Reuters,Socfin,Socfin,NA,NA,NA,n/a,n/a,NA,NA,3
Socfin,Socfinaf SA,Luxembourg,NA,Socfinaf SA,Luxembourg,2020,2020-09-30,NA,NA,NA,NA,NA,NA,Shareholding,Shareholding,NA,NA,NA,NA,NA,NA,NA,NA,NA,NA,NA,Kredietrust Luxembourg S.A.,Luxembourg,NA,NA,0.03040814,0.0168,Precision Capital,Luxembourg,"Thomson Reuters Eikon, 'Share ownership: Socfinaf SA -  30 September 2020', viewed in January 2021.",Thomson Reuters,Socfin,Socfin,NA,NA,NA,n/a,n/a,NA,NA,3
Socfin,Socfinasia SA,Luxembourg,NA,Socfinasia SA,Luxembourg,2020,2020-09-30,NA,NA,NA,NA,NA,NA,Shareholding,Shareholding,NA,NA,NA,NA,NA,NA,NA,NA,NA,NA,NA,Delen Capfi Private Bank,Belgium,NA,NA,0.56975846,0.2143,Ackermans & van Haaren,Belgium,"Thomson Reuters Eikon, 'Share ownership: Socfinasia SA -  30 September 2020', viewed in January 2021.",Thomson Reuters,Socfinasia,Socfinasia,NA,NA,NA,n/a,n/a,0.009416408169565302,NA,3
Socfin,Socfinasia SA,Luxembourg,NA,Socfinasia SA,Luxembourg,2020,2020-09-30,NA,NA,NA,NA,NA,NA,Shareholding,Shareholding,NA,NA,NA,NA,NA,NA,NA,NA,NA,NA,NA,FIDE Capital,Belgium,NA,NA,0.11287189,0.0383,FIDE Capital,Belgium,"Thomson Reuters Eikon, 'Share ownership: Socfinasia SA -  30 September 2020', viewed in January 2021.",Thomson Reuters,Socfinasia,Socfinasia,NA,NA,NA,n/a,n/a,0.0016815014588509468,NA,3
Socfin,Socfinaf SA,Luxembourg,NA,Socfinaf SA,Luxembourg,2020,2020-06-30,NA,NA,NA,NA,NA,NA,Shareholding,Shareholding,NA,NA,NA,NA,NA,NA,NA,NA,NA,NA,NA,Delen Capfi Private Bank,Belgium,NA,NA,1.35491342,0.7288,Ackermans & van Haaren,Belgium,"Thomson Reuters Eikon, 'Share ownership: Socfinaf SA -  30 June 2020', viewed in January 2021.",Thomson Reuters,Socfin,Socfin,NA,NA,NA,n/a,n/a,NA,NA,2
Socfin,Socfinaf SA,Luxembourg,NA,Socfinaf SA,Luxembourg,2020,2020-06-30,NA,NA,NA,NA,NA,NA,Shareholding,Shareholding,NA,NA,NA,NA,NA,NA,NA,NA,NA,NA,NA,Kredietrust Luxembourg S.A.,Luxembourg,NA,NA,0.02998686,0.0168,Precision Capital,Luxembourg,"Thomson Reuters Eikon, 'Share ownership: Socfinaf SA -  30 June 2020', viewed in January 2021.",Thomson Reuters,Socfin,Socfin,NA,NA,NA,n/a,n/a,NA,NA,2
Socfin,Socfinasia SA,Luxembourg,NA,Socfinasia SA,Luxembourg,2020,2020-06-30,NA,NA,NA,NA,NA,NA,Shareholding,Shareholding,NA,NA,NA,NA,NA,NA,NA,NA,NA,NA,NA,Delen Capfi Private Bank,Belgium,NA,NA,0.56975846,0.2143,Ackermans & van Haaren,Belgium,"Thomson Reuters Eikon, 'Share ownership: Socfinasia SA -  30 June 2020', viewed in January 2021.",Thomson Reuters,Socfinasia,Socfinasia,NA,NA,NA,n/a,n/a,0.009416408169565302,NA,2
Socfin,Socfinasia SA,Luxembourg,NA,Socfinasia SA,Luxembourg,2020,2020-06-30,NA,NA,NA,NA,NA,NA,Shareholding,Shareholding,NA,NA,NA,NA,NA,NA,NA,NA,NA,NA,NA,FIDE Capital,Belgium,NA,NA,0.11287189,0.0383,FIDE Capital,Belgium,"Thomson Reuters Eikon, 'Share ownership: Socfinasia SA -  30 June 2020', viewed in January 2021.",Thomson Reuters,Socfinasia,Socfinasia,NA,NA,NA,n/a,n/a,0.0016815014588509468,NA,2
Socfin,Socfinaf SA,Luxembourg,NA,Socfinaf SA,Luxembourg,2020,2020-03-31,NA,NA,NA,NA,NA,NA,Shareholding,Shareholding,NA,NA,NA,NA,NA,NA,NA,NA,NA,NA,NA,Delen Capfi Private Bank,Belgium,NA,NA,1.35491342,0.7288,Ackermans & van Haaren,Belgium,"Thomson Reuters Eikon, 'Share ownership: Socfinaf SA -  31 March 2020', viewed in January 2021.",Thomson Reuters,Socfin,Socfin,NA,NA,NA,n/a,n/a,NA,NA,1
Socfin,Socfinaf SA,Luxembourg,NA,Socfinaf SA,Luxembourg,2020,2020-03-31,NA,NA,NA,NA,NA,NA,Shareholding,Shareholding,NA,NA,NA,NA,NA,NA,NA,NA,NA,NA,NA,Kredietrust Luxembourg S.A.,Luxembourg,NA,NA,0.03126723,0.0168,Precision Capital,Luxembourg,"Thomson Reuters Eikon, 'Share ownership: Socfinaf SA -  31 March 2020', viewed in January 2021.",Thomson Reuters,Socfin,Socfin,NA,NA,NA,n/a,n/a,NA,NA,1
Socfin,Socfinasia SA,Luxembourg,NA,Socfinasia SA,Luxembourg,2020,2020-03-31,NA,NA,NA,NA,NA,NA,Shareholding,Shareholding,NA,NA,NA,NA,NA,NA,NA,NA,NA,NA,NA,Delen Capfi Private Bank,Belgium,NA,NA,0.56975846,0.2143,Ackermans & van Haaren,Belgium,"Thomson Reuters Eikon, 'Share ownership: Socfinasia SA -  31 March 2020', viewed in January 2021.",Thomson Reuters,Socfinasia,Socfinasia,NA,NA,NA,n/a,n/a,0.010838147830666946,NA,1
Socfin,Socfinasia SA,Luxembourg,NA,Socfinasia SA,Luxembourg,2020,2020-03-31,NA,NA,NA,NA,NA,NA,Shareholding,Shareholding,NA,NA,NA,NA,NA,NA,NA,NA,NA,NA,NA,FIDE Capital,Belgium,NA,NA,0.10174258,0.0383,FIDE Capital,Belgium,"Thomson Reuters Eikon, 'Share ownership: Socfinasia SA -  31 March 2020', viewed in January 2021.",Thomson Reuters,Socfinasia,Socfinasia,NA,NA,NA,n/a,n/a,0.0019353835411905261,NA,1
Socfin,Socfinaf SA,Luxembourg,NA,Socfinaf SA,Luxembourg,2019,2019-12-31,NA,NA,NA,NA,NA,NA,Shareholding,Shareholding,NA,NA,NA,NA,NA,NA,NA,NA,NA,NA,NA,Value Square N.V.,Belgium,NA,NA,5.42841064,2.2624,Value Square,Belgium,"Thomson Reuters Eikon, 'Share ownership: Socfinaf SA -  31 December 2019', viewed in January 2021.",Thomson Reuters,Socfin,Socfin,NA,NA,NA,n/a,n/a,NA,NA,4
Socfin,Socfinaf SA,Luxembourg,NA,Socfinaf SA,Luxembourg,2019,2019-12-31,NA,NA,NA,NA,NA,NA,Shareholding,Shareholding,NA,NA,NA,NA,NA,NA,NA,NA,NA,NA,NA,Delen Capfi Private Bank,Belgium,NA,NA,1.74876129,0.7288,Ackermans & van Haaren,Belgium,"Thomson Reuters Eikon, 'Share ownership: Socfinaf SA -  31 December 2019', viewed in January 2021.",Thomson Reuters,Socfin,Socfin,NA,NA,NA,n/a,n/a,NA,NA,4
Socfin,Socfinaf SA,Luxembourg,NA,Socfinaf SA,Luxembourg,2019,2019-12-31,NA,NA,NA,NA,NA,NA,Shareholding,Shareholding,NA,NA,NA,NA,NA,NA,NA,NA,NA,NA,NA,Kredietrust Luxembourg S.A.,Luxembourg,NA,NA,0.04035603,0.0168,Precision Capital,Luxembourg,"Thomson Reuters Eikon, 'Share ownership: Socfinaf SA -  31 December 2019', viewed in January 2021.",Thomson Reuters,Socfin,Socfin,NA,NA,NA,n/a,n/a,NA,NA,4
Socfin,Socfinasia SA,Luxembourg,NA,Socfinasia SA,Luxembourg,2019,2019-12-31,NA,NA,NA,NA,NA,NA,Shareholding,Shareholding,NA,NA,NA,NA,NA,NA,NA,NA,NA,NA,NA,Delen Capfi Private Bank,Belgium,NA,NA,0.76743717,0.2143,Ackermans & van Haaren,Belgium,"Thomson Reuters Eikon, 'Share ownership: Socfinasia SA -  31 December 2019', viewed in January 2021.",Thomson Reuters,Socfinasia,Socfinasia,NA,NA,NA,n/a,n/a,0.010838147830666946,NA,4
Socfin,Socfinasia SA,Luxembourg,NA,Socfinasia SA,Luxembourg,2019,2019-12-31,NA,NA,NA,NA,NA,NA,Shareholding,Shareholding,NA,NA,NA,NA,NA,NA,NA,NA,NA,NA,NA,Value Square N.V.,Belgium,NA,NA,0.16445082,0.0459,Value Square,Belgium,"Thomson Reuters Eikon, 'Share ownership: Socfinasia SA -  31 December 2019', viewed in January 2021.",Thomson Reuters,Socfinasia,Socfinasia,NA,NA,NA,n/a,n/a,0.0023224602494286315,NA,4
Socfin,Socfinasia SA,Luxembourg,NA,Socfinasia SA,Luxembourg,2019,2019-12-31,NA,NA,NA,NA,NA,NA,Shareholding,Shareholding,NA,NA,NA,NA,NA,NA,NA,NA,NA,NA,NA,FIDE Capital,Belgium,NA,NA,0.13704235,0.0383,FIDE Capital,Belgium,"Thomson Reuters Eikon, 'Share ownership: Socfinasia SA -  31 December 2019', viewed in January 2021.",Thomson Reuters,Socfinasia,Socfinasia,NA,NA,NA,n/a,n/a,0.0019353835411905261,NA,4
Socfin,Socfinaf SA,Luxembourg,NA,Socfinaf SA,Luxembourg,2019,2019-09-30,NA,NA,NA,NA,NA,NA,Shareholding,Shareholding,NA,NA,NA,NA,NA,NA,NA,NA,NA,NA,NA,Value Square N.V.,Belgium,NA,NA,6.796198230000001,3.3298,Value Square,Belgium,"Thomson Reuters Eikon, 'Share ownership: Socfinaf SA -  30 September 2019', viewed in January 2021.",Thomson Reuters,Socfin,Socfin,NA,NA,NA,n/a,n/a,NA,NA,3
Socfin,Socfinaf SA,Luxembourg,NA,Socfinaf SA,Luxembourg,2019,2019-09-30,NA,NA,NA,NA,NA,NA,Shareholding,Shareholding,NA,NA,NA,NA,NA,NA,NA,NA,NA,NA,NA,Capfi Delen Asset Management,Belgium,NA,NA,2.7005231000000003,1.3231,Ackermans & van Haaren,Belgium,"Thomson Reuters Eikon, 'Share ownership: Socfinaf SA -  30 September 2019', viewed in January 2021.",Thomson Reuters,Socfin,Socfin,NA,NA,NA,n/a,n/a,NA,NA,3
Socfin,Socfinaf SA,Luxembourg,NA,Socfinaf SA,Luxembourg,2019,2019-09-30,NA,NA,NA,NA,NA,NA,Shareholding,Shareholding,NA,NA,NA,NA,NA,NA,NA,NA,NA,NA,NA,Delen Capfi Private Bank,Belgium,NA,NA,0.68657367,0.3364,Ackermans & van Haaren,Belgium,"Thomson Reuters Eikon, 'Share ownership: Socfinaf SA -  30 September 2019', viewed in January 2021.",Thomson Reuters,Socfin,Socfin,NA,NA,NA,n/a,n/a,NA,NA,3
Socfin,Socfinaf SA,Luxembourg,NA,Socfinaf SA,Luxembourg,2019,2019-09-30,NA,NA,NA,NA,NA,NA,Shareholding,Shareholding,NA,NA,NA,NA,NA,NA,NA,NA,NA,NA,NA,Kredietrust Luxembourg S.A.,Luxembourg,NA,NA,0.03432868,0.0168,Precision Capital,Luxembourg,"Thomson Reuters Eikon, 'Share ownership: Socfinaf SA -  30 September 2019', viewed in January 2021.",Thomson Reuters,Socfin,Socfin,NA,NA,NA,n/a,n/a,NA,NA,3
Socfin,Socfinasia SA,Luxembourg,NA,Socfinasia SA,Luxembourg,2019,2019-09-30,NA,NA,NA,NA,NA,NA,Shareholding,Shareholding,NA,NA,NA,NA,NA,NA,NA,NA,NA,NA,NA,Delen Capfi Private Bank,Belgium,NA,NA,0.48539669,0.1735,Ackermans & van Haaren,Belgium,"Thomson Reuters Eikon, 'Share ownership: Socfinasia SA -  30 September 2019', viewed in January 2021.",Thomson Reuters,Socfinasia,Socfinasia,NA,NA,NA,n/a,n/a,0.008773738720063718,NA,3
Socfin,Socfinasia SA,Luxembourg,NA,Socfinasia SA,Luxembourg,2019,2019-09-30,NA,NA,NA,NA,NA,NA,Shareholding,Shareholding,NA,NA,NA,NA,NA,NA,NA,NA,NA,NA,NA,Value Square N.V.,Belgium,NA,NA,0.12848736,0.0459,Value Square,Belgium,"Thomson Reuters Eikon, 'Share ownership: Socfinasia SA -  30 September 2019', viewed in January 2021.",Thomson Reuters,Socfinasia,Socfinasia,NA,NA,NA,n/a,n/a,0.0023224602494286315,NA,3
Socfin,Socfinasia SA,Luxembourg,NA,Socfinasia SA,Luxembourg,2019,2019-09-30,NA,NA,NA,NA,NA,NA,Shareholding,Shareholding,NA,NA,NA,NA,NA,NA,NA,NA,NA,NA,NA,FIDE Capital,Belgium,NA,NA,0.10707280000000001,0.0383,FIDE Capital,Belgium,"Thomson Reuters Eikon, 'Share ownership: Socfinasia SA -  30 September 2019', viewed in January 2021.",Thomson Reuters,Socfinasia,Socfinasia,NA,NA,NA,n/a,n/a,0.0019353835411905261,NA,3
Socfin,Socfinaf SA,Luxembourg,NA,Socfinaf SA,Luxembourg,2019,2019-06-30,NA,NA,NA,NA,NA,NA,Shareholding,Shareholding,NA,NA,NA,NA,NA,NA,NA,NA,NA,NA,NA,Value Square N.V.,Belgium,NA,NA,7.69697633,3.3298,Value Square,Belgium,"Thomson Reuters Eikon, 'Share ownership: Socfinaf SA -  30 June 2019', viewed in January 2021.",Thomson Reuters,Socfin,Socfin,NA,NA,NA,n/a,n/a,NA,NA,2
Socfin,Socfinaf SA,Luxembourg,NA,Socfinaf SA,Luxembourg,2019,2019-06-30,NA,NA,NA,NA,NA,NA,Shareholding,Shareholding,NA,NA,NA,NA,NA,NA,NA,NA,NA,NA,NA,Capfi Delen Asset Management,Belgium,NA,NA,3.0584544,1.3231,Ackermans & van Haaren,Belgium,"Thomson Reuters Eikon, 'Share ownership: Socfinaf SA -  30 June 2019', viewed in January 2021.",Thomson Reuters,Socfin,Socfin,NA,NA,NA,n/a,n/a,NA,NA,2
Socfin,Socfinaf SA,Luxembourg,NA,Socfinaf SA,Luxembourg,2019,2019-06-30,NA,NA,NA,NA,NA,NA,Shareholding,Shareholding,NA,NA,NA,NA,NA,NA,NA,NA,NA,NA,NA,Delen Capfi Private Bank,Belgium,NA,NA,0.77757315,0.3364,Ackermans & van Haaren,Belgium,"Thomson Reuters Eikon, 'Share ownership: Socfinaf SA -  30 June 2019', viewed in January 2021.",Thomson Reuters,Socfin,Socfin,NA,NA,NA,n/a,n/a,NA,NA,2
Socfin,Socfinaf SA,Luxembourg,NA,Socfinaf SA,Luxembourg,2019,2019-06-30,NA,NA,NA,NA,NA,NA,Shareholding,Shareholding,NA,NA,NA,NA,NA,NA,NA,NA,NA,NA,NA,Kredietrust Luxembourg S.A.,Luxembourg,NA,NA,0.03887866,0.0168,Precision Capital,Luxembourg,"Thomson Reuters Eikon, 'Share ownership: Socfinaf SA -  30 June 2019', viewed in January 2021.",Thomson Reuters,Socfin,Socfin,NA,NA,NA,n/a,n/a,NA,NA,2
Socfin,Socfinasia SA,Luxembourg,NA,Socfinasia SA,Luxembourg,2019,2019-06-30,NA,NA,NA,NA,NA,NA,Shareholding,Shareholding,NA,NA,NA,NA,NA,NA,NA,NA,NA,NA,NA,Delen Capfi Private Bank,Belgium,NA,NA,0.33842621,0.1169,Ackermans & van Haaren,Belgium,"Thomson Reuters Eikon, 'Share ownership: Socfinasia SA -  30 June 2019', viewed in January 2021.",Thomson Reuters,Socfinasia,Socfinasia,NA,NA,NA,n/a,n/a,0.005909371079101739,NA,2
Socfin,Socfinasia SA,Luxembourg,NA,Socfinasia SA,Luxembourg,2019,2019-06-30,NA,NA,NA,NA,NA,NA,Shareholding,Shareholding,NA,NA,NA,NA,NA,NA,NA,NA,NA,NA,NA,Value Square N.V.,Belgium,NA,NA,0.13300593,0.0459,Value Square,Belgium,"Thomson Reuters Eikon, 'Share ownership: Socfinasia SA -  30 June 2019', viewed in January 2021.",Thomson Reuters,Socfinasia,Socfinasia,NA,NA,NA,n/a,n/a,0.0023224602494286315,NA,2
Socfin,Socfinasia SA,Luxembourg,NA,Socfinasia SA,Luxembourg,2019,2019-06-30,NA,NA,NA,NA,NA,NA,Shareholding,Shareholding,NA,NA,NA,NA,NA,NA,NA,NA,NA,NA,NA,FIDE Capital,Belgium,NA,NA,0.11083828,0.0383,FIDE Capital,Belgium,"Thomson Reuters Eikon, 'Share ownership: Socfinasia SA -  30 June 2019', viewed in January 2021.",Thomson Reuters,Socfinasia,Socfinasia,NA,NA,NA,n/a,n/a,0.0019353835411905261,NA,2
Socfin,Socfinaf SA,Luxembourg,NA,Socfinaf SA,Luxembourg,2019,2019-03-31,NA,NA,NA,NA,NA,NA,Shareholding,Shareholding,NA,NA,NA,NA,NA,NA,NA,NA,NA,NA,NA,Value Square N.V.,Belgium,NA,NA,6.56213298,3.3298,Value Square,Belgium,"Thomson Reuters Eikon, 'Share ownership: Socfinaf SA -  31 March 2019', viewed in January 2021.",Thomson Reuters,Socfin,Socfin,NA,NA,NA,n/a,n/a,NA,NA,1
Socfin,Socfinaf SA,Luxembourg,NA,Socfinaf SA,Luxembourg,2019,2019-03-31,NA,NA,NA,NA,NA,NA,Shareholding,Shareholding,NA,NA,NA,NA,NA,NA,NA,NA,NA,NA,NA,Capfi Delen Asset Management,Belgium,NA,NA,2.93897925,1.4913,Ackermans & van Haaren,Belgium,"Thomson Reuters Eikon, 'Share ownership: Socfinaf SA -  31 March 2019', viewed in January 2021.",Thomson Reuters,Socfin,Socfin,NA,NA,NA,n/a,n/a,NA,NA,1
Socfin,Socfinaf SA,Luxembourg,NA,Socfinaf SA,Luxembourg,2019,2019-03-31,NA,NA,NA,NA,NA,NA,Shareholding,Shareholding,NA,NA,NA,NA,NA,NA,NA,NA,NA,NA,NA,Delen Capfi Private Bank,Belgium,NA,NA,0.33146383,0.1682,Ackermans & van Haaren,Belgium,"Thomson Reuters Eikon, 'Share ownership: Socfinaf SA -  31 March 2019', viewed in January 2021.",Thomson Reuters,Socfin,Socfin,NA,NA,NA,n/a,n/a,NA,NA,1
Socfin,Socfinaf SA,Luxembourg,NA,Socfinaf SA,Luxembourg,2019,2019-03-31,NA,NA,NA,NA,NA,NA,Shareholding,Shareholding,NA,NA,NA,NA,NA,NA,NA,NA,NA,NA,NA,Kredietrust Luxembourg S.A.,Luxembourg,NA,NA,0.033146379999999996,0.0168,Precision Capital,Luxembourg,"Thomson Reuters Eikon, 'Share ownership: Socfinaf SA -  31 March 2019', viewed in January 2021.",Thomson Reuters,Socfin,Socfin,NA,NA,NA,n/a,n/a,NA,NA,1
Socfin,Socfinasia SA,Luxembourg,NA,Socfinasia SA,Luxembourg,2019,2019-03-31,NA,NA,NA,NA,NA,NA,Shareholding,Shareholding,NA,NA,NA,NA,NA,NA,NA,NA,NA,NA,NA,Delen Capfi Private Bank,Belgium,NA,NA,0.27285474,0.0893,Ackermans & van Haaren,Belgium,"Thomson Reuters Eikon, 'Share ownership: Socfinasia SA -  31 March 2019', viewed in January 2021.",Thomson Reuters,Socfinasia,Socfinasia,NA,NA,NA,n/a,n/a,0.005248257578483944,NA,1
Socfin,Socfinasia SA,Luxembourg,NA,Socfinasia SA,Luxembourg,2019,2019-03-31,NA,NA,NA,NA,NA,NA,Shareholding,Shareholding,NA,NA,NA,NA,NA,NA,NA,NA,NA,NA,NA,Value Square N.V.,Belgium,NA,NA,0.14032529000000002,0.0459,Value Square,Belgium,"Thomson Reuters Eikon, 'Share ownership: Socfinasia SA -  31 March 2019', viewed in January 2021.",Thomson Reuters,Socfinasia,Socfinasia,NA,NA,NA,n/a,n/a,0.0026991038975060283,NA,1
Socfin,Socfinasia SA,Luxembourg,NA,Socfinasia SA,Luxembourg,2019,2019-03-31,NA,NA,NA,NA,NA,NA,Shareholding,Shareholding,NA,NA,NA,NA,NA,NA,NA,NA,NA,NA,NA,FIDE Capital,Belgium,NA,NA,0.11693775,0.0383,FIDE Capital,Belgium,"Thomson Reuters Eikon, 'Share ownership: Socfinasia SA -  31 March 2019', viewed in January 2021.",Thomson Reuters,Socfinasia,Socfinasia,NA,NA,NA,n/a,n/a,0.0022492532479216902,NA,1
Socfin,Socfinaf SA,Luxembourg,NA,Socfinaf SA,Luxembourg,2018,2018-12-31,NA,NA,NA,NA,NA,NA,Shareholding,Shareholding,NA,NA,NA,NA,NA,NA,NA,NA,NA,NA,NA,Value Square N.V.,Belgium,NA,NA,7.69288192,3.2987,Value Square,Belgium,"Thomson Reuters Eikon, 'Share ownership: Socfinaf SA -  31 December 2018', viewed in January 2021.",Thomson Reuters,Socfin,Socfin,NA,NA,NA,n/a,n/a,NA,NA,4
Socfin,Socfinaf SA,Luxembourg,NA,Socfinaf SA,Luxembourg,2018,2018-12-31,NA,NA,NA,NA,NA,NA,Shareholding,Shareholding,NA,NA,NA,NA,NA,NA,NA,NA,NA,NA,NA,Capfi Delen Asset Management,Belgium,NA,NA,3.477842,1.4913,Ackermans & van Haaren,Belgium,"Thomson Reuters Eikon, 'Share ownership: Socfinaf SA -  31 December 2018', viewed in January 2021.",Thomson Reuters,Socfin,Socfin,NA,NA,NA,n/a,n/a,NA,NA,4
Socfin,Socfinaf SA,Luxembourg,NA,Socfinaf SA,Luxembourg,2018,2018-12-31,NA,NA,NA,NA,NA,NA,Shareholding,Shareholding,NA,NA,NA,NA,NA,NA,NA,NA,NA,NA,NA,Delen Capfi Private Bank,Belgium,NA,NA,0.39223782,0.1682,Ackermans & van Haaren,Belgium,"Thomson Reuters Eikon, 'Share ownership: Socfinaf SA -  31 December 2018', viewed in January 2021.",Thomson Reuters,Socfin,Socfin,NA,NA,NA,n/a,n/a,NA,NA,4
Socfin,Socfinaf SA,Luxembourg,NA,Socfinaf SA,Luxembourg,2018,2018-12-31,NA,NA,NA,NA,NA,NA,Shareholding,Shareholding,NA,NA,NA,NA,NA,NA,NA,NA,NA,NA,NA,Kredietrust Luxembourg S.A.,Luxembourg,NA,NA,0.03922378,0.0168,Precision Capital,Luxembourg,"Thomson Reuters Eikon, 'Share ownership: Socfinaf SA -  31 December 2018', viewed in January 2021.",Thomson Reuters,Socfin,Socfin,NA,NA,NA,n/a,n/a,NA,NA,4
Socfin,Socfinasia SA,Luxembourg,NA,Socfinasia SA,Luxembourg,2018,2018-12-31,NA,NA,NA,NA,NA,NA,Shareholding,Shareholding,NA,NA,NA,NA,NA,NA,NA,NA,NA,NA,NA,Delen Capfi Private Bank,Belgium,NA,NA,0.25289075,0.0893,Ackermans & van Haaren,Belgium,"Thomson Reuters Eikon, 'Share ownership: Socfinasia SA -  31 December 2018', viewed in January 2021.",Thomson Reuters,Socfinasia,Socfinasia,NA,NA,NA,n/a,n/a,0.005248257578483944,NA,4
Socfin,Socfinasia SA,Luxembourg,NA,Socfinasia SA,Luxembourg,2018,2018-12-31,NA,NA,NA,NA,NA,NA,Shareholding,Shareholding,NA,NA,NA,NA,NA,NA,NA,NA,NA,NA,NA,Value Square N.V.,Belgium,NA,NA,0.144509,0.051,Value Square,Belgium,"Thomson Reuters Eikon, 'Share ownership: Socfinasia SA -  31 December 2018', viewed in January 2021.",Thomson Reuters,Socfinasia,Socfinasia,NA,NA,NA,n/a,n/a,0.0029990043305622538,NA,4
Socfin,Socfinasia SA,Luxembourg,NA,Socfinasia SA,Luxembourg,2018,2018-12-31,NA,NA,NA,NA,NA,NA,Shareholding,Shareholding,NA,NA,NA,NA,NA,NA,NA,NA,NA,NA,NA,FIDE Capital,Belgium,NA,NA,0.10838175,0.0383,FIDE Capital,Belgium,"Thomson Reuters Eikon, 'Share ownership: Socfinasia SA -  31 December 2018', viewed in January 2021.",Thomson Reuters,Socfinasia,Socfinasia,NA,NA,NA,n/a,n/a,0.0022492532479216902,NA,4
Socfin,Socfinaf SA,Luxembourg,NA,Socfinaf SA,Luxembourg,2018,2018-09-30,NA,NA,NA,NA,NA,NA,Shareholding,Shareholding,NA,NA,NA,NA,NA,NA,NA,NA,NA,NA,NA,Value Square N.V.,Belgium,NA,NA,9.27721409,3.2859,Value Square,Belgium,"Thomson Reuters Eikon, 'Share ownership: Socfinaf SA -  30 September 2018', viewed in January 2021.",Thomson Reuters,Socfin,Socfin,NA,NA,NA,n/a,n/a,NA,NA,3
Socfin,Socfinaf SA,Luxembourg,NA,Socfinaf SA,Luxembourg,2018,2018-09-30,NA,NA,NA,NA,NA,NA,Shareholding,Shareholding,NA,NA,NA,NA,NA,NA,NA,NA,NA,NA,NA,Capfi Delen Asset Management,Belgium,NA,NA,4.2105263200000005,1.4913,Ackermans & van Haaren,Belgium,"Thomson Reuters Eikon, 'Share ownership: Socfinaf SA -  30 September 2018', viewed in January 2021.",Thomson Reuters,Socfin,Socfin,NA,NA,NA,n/a,n/a,NA,NA,3
Socfin,Socfinaf SA,Luxembourg,NA,Socfinaf SA,Luxembourg,2018,2018-09-30,NA,NA,NA,NA,NA,NA,Shareholding,Shareholding,NA,NA,NA,NA,NA,NA,NA,NA,NA,NA,NA,Delen Capfi Private Bank,Belgium,NA,NA,0.47487139,0.1682,Ackermans & van Haaren,Belgium,"Thomson Reuters Eikon, 'Share ownership: Socfinaf SA -  30 September 2018', viewed in January 2021.",Thomson Reuters,Socfin,Socfin,NA,NA,NA,n/a,n/a,NA,NA,3
Socfin,Socfinaf SA,Luxembourg,NA,Socfinaf SA,Luxembourg,2018,2018-09-30,NA,NA,NA,NA,NA,NA,Shareholding,Shareholding,NA,NA,NA,NA,NA,NA,NA,NA,NA,NA,NA,Kredietrust Luxembourg S.A.,Luxembourg,NA,NA,0.04748714,0.0168,Precision Capital,Luxembourg,"Thomson Reuters Eikon, 'Share ownership: Socfinaf SA -  30 September 2018', viewed in January 2021.",Thomson Reuters,Socfin,Socfin,NA,NA,NA,n/a,n/a,NA,NA,3
Socfin,Socfinasia SA,Luxembourg,NA,Socfinasia SA,Luxembourg,2018,2018-09-30,NA,NA,NA,NA,NA,NA,Shareholding,Shareholding,NA,NA,NA,NA,NA,NA,NA,NA,NA,NA,NA,Delen Capfi Private Bank,Belgium,NA,NA,0.33924625,0.0873,Ackermans & van Haaren,Belgium,"Thomson Reuters Eikon, 'Share ownership: Socfinasia SA -  30 September 2018', viewed in January 2021.",Thomson Reuters,Socfinasia,Socfinasia,NA,NA,NA,n/a,n/a,0.005128963767570314,NA,3
Socfin,Socfinasia SA,Luxembourg,NA,Socfinasia SA,Luxembourg,2018,2018-09-30,NA,NA,NA,NA,NA,NA,Shareholding,Shareholding,NA,NA,NA,NA,NA,NA,NA,NA,NA,NA,NA,FIDE Capital,Belgium,NA,NA,0.14539125,0.0374,FIDE Capital,Belgium,"Thomson Reuters Eikon, 'Share ownership: Socfinasia SA -  30 September 2018', viewed in January 2021.",Thomson Reuters,Socfinasia,Socfinasia,NA,NA,NA,n/a,n/a,0.002198127328958706,NA,3
Socfin,Socfinasia SA,Luxembourg,NA,Socfinasia SA,Luxembourg,2018,2018-09-30,NA,NA,NA,NA,NA,NA,Shareholding,Shareholding,NA,NA,NA,NA,NA,NA,NA,NA,NA,NA,NA,Value Square N.V.,Belgium,NA,NA,0.12600575,0.0324,Value Square,Belgium,"Thomson Reuters Eikon, 'Share ownership: Socfinasia SA -  30 September 2018', viewed in January 2021.",Thomson Reuters,Socfinasia,Socfinasia,NA,NA,NA,n/a,n/a,0.0019050436850975452,NA,3
Socfin,Socfinaf SA,Luxembourg,NA,Socfinaf SA,Luxembourg,2018,2018-06-30,NA,NA,NA,NA,NA,NA,Shareholding,Shareholding,NA,NA,NA,NA,NA,NA,NA,NA,NA,NA,NA,Value Square N.V.,Belgium,NA,NA,11.274928150000001,3.3606,Value Square,Belgium,"Thomson Reuters Eikon, 'Share ownership: Socfinaf SA -  30 June 2018', viewed in January 2021.",Thomson Reuters,Socfin,Socfin,NA,NA,NA,n/a,n/a,NA,NA,2
Socfin,Socfinaf SA,Luxembourg,NA,Socfinaf SA,Luxembourg,2018,2018-06-30,NA,NA,NA,NA,NA,NA,Shareholding,Shareholding,NA,NA,NA,NA,NA,NA,NA,NA,NA,NA,NA,Capfi Delen Asset Management,Belgium,NA,NA,5.00338809,1.4913,Ackermans & van Haaren,Belgium,"Thomson Reuters Eikon, 'Share ownership: Socfinaf SA -  30 June 2018', viewed in January 2021.",Thomson Reuters,Socfin,Socfin,NA,NA,NA,n/a,n/a,NA,NA,2
Socfin,Socfinaf SA,Luxembourg,NA,Socfinaf SA,Luxembourg,2018,2018-06-30,NA,NA,NA,NA,NA,NA,Shareholding,Shareholding,NA,NA,NA,NA,NA,NA,NA,NA,NA,NA,NA,Delen Capfi Private Bank,Belgium,NA,NA,0.56429189,0.1682,Ackermans & van Haaren,Belgium,"Thomson Reuters Eikon, 'Share ownership: Socfinaf SA -  30 June 2018', viewed in January 2021.",Thomson Reuters,Socfin,Socfin,NA,NA,NA,n/a,n/a,NA,NA,2
Socfin,Socfinaf SA,Luxembourg,NA,Socfinaf SA,Luxembourg,2018,2018-06-30,NA,NA,NA,NA,NA,NA,Shareholding,Shareholding,NA,NA,NA,NA,NA,NA,NA,NA,NA,NA,NA,Banque Degroof Petercam N.V.,Belgium,NA,NA,0.31753446,0.1065,Banque Degroof Petercam,Belgium,"Thomson Reuters Eikon, 'Share ownership: Socfinaf SA -  30 June 2018', viewed in January 2021.",Thomson Reuters,Socfin,Socfin,NA,NA,NA,n/a,n/a,NA,NA,2
Socfin,Socfinaf SA,Luxembourg,NA,Socfinaf SA,Luxembourg,2018,2018-06-30,NA,NA,NA,NA,NA,NA,Shareholding,Shareholding,NA,NA,NA,NA,NA,NA,NA,NA,NA,NA,NA,Bank Dierickx Leys N.V.,Belgium,NA,NA,0.24452648999999999,0.0729,Dierickx Leys & Cie,Belgium,"Thomson Reuters Eikon, 'Share ownership: Socfinaf SA -  30 June 2018', viewed in January 2021.",Thomson Reuters,Socfin,Socfin,NA,NA,NA,n/a,n/a,NA,NA,2
Socfin,Socfinaf SA,Luxembourg,NA,Socfinaf SA,Luxembourg,2018,2018-06-30,NA,NA,NA,NA,NA,NA,Shareholding,Shareholding,NA,NA,NA,NA,NA,NA,NA,NA,NA,NA,NA,Kredietrust Luxembourg S.A.,Luxembourg,NA,NA,0.03761946,0.0112,Precision Capital,Luxembourg,"Thomson Reuters Eikon, 'Share ownership: Socfinaf SA -  30 June 2018', viewed in January 2021.",Thomson Reuters,Socfin,Socfin,NA,NA,NA,n/a,n/a,NA,NA,2
Socfin,Socfinasia SA,Luxembourg,NA,Socfinasia SA,Luxembourg,2018,2018-06-30,NA,NA,NA,NA,NA,NA,Shareholding,Shareholding,NA,NA,NA,NA,NA,NA,NA,NA,NA,NA,NA,Delen Capfi Private Bank,Belgium,NA,NA,0.37823975,0.0873,Ackermans & van Haaren,Belgium,"Thomson Reuters Eikon, 'Share ownership: Socfinasia SA -  30 June 2018', viewed in January 2021.",Thomson Reuters,Socfinasia,Socfinasia,NA,NA,NA,n/a,n/a,0.005128963767570314,NA,2
Socfin,Socfinasia SA,Luxembourg,NA,Socfinasia SA,Luxembourg,2018,2018-06-30,NA,NA,NA,NA,NA,NA,Shareholding,Shareholding,NA,NA,NA,NA,NA,NA,NA,NA,NA,NA,NA,FIDE Capital,Belgium,NA,NA,0.16210275,0.0374,FIDE Capital,Belgium,"Thomson Reuters Eikon, 'Share ownership: Socfinasia SA -  30 June 2018', viewed in January 2021.",Thomson Reuters,Socfinasia,Socfinasia,NA,NA,NA,n/a,n/a,0.002198127328958706,NA,2
Socfin,Socfinasia SA,Luxembourg,NA,Socfinasia SA,Luxembourg,2018,2018-06-30,NA,NA,NA,NA,NA,NA,Shareholding,Shareholding,NA,NA,NA,NA,NA,NA,NA,NA,NA,NA,NA,Value Square N.V.,Belgium,NA,NA,0.14048904999999998,0.0324,Value Square,Belgium,"Thomson Reuters Eikon, 'Share ownership: Socfinasia SA -  30 June 2018', viewed in January 2021.",Thomson Reuters,Socfinasia,Socfinasia,NA,NA,NA,n/a,n/a,0.0019050436850975452,NA,2
Socfin,Socfinaf SA,Luxembourg,NA,Socfinaf SA,Luxembourg,2018,2018-03-31,NA,NA,NA,NA,NA,NA,Shareholding,Shareholding,NA,NA,NA,NA,NA,NA,NA,NA,NA,NA,NA,Value Square N.V.,Belgium,NA,NA,10.91275617,3.3606,Value Square,Belgium,"Thomson Reuters Eikon, 'Share ownership: Socfinaf SA -  31 March 2018', viewed in January 2021.",Thomson Reuters,Socfin,Socfin,NA,NA,NA,n/a,n/a,NA,NA,1
Socfin,Socfinaf SA,Luxembourg,NA,Socfinaf SA,Luxembourg,2018,2018-03-31,NA,NA,NA,NA,NA,NA,Shareholding,Shareholding,NA,NA,NA,NA,NA,NA,NA,NA,NA,NA,NA,Capfi Delen Asset Management,Belgium,NA,NA,3.8558951,1.0499,Ackermans & van Haaren,Belgium,"Thomson Reuters Eikon, 'Share ownership: Socfinaf SA -  31 March 2018', viewed in January 2021.",Thomson Reuters,Socfin,Socfin,NA,NA,NA,n/a,n/a,NA,NA,1
Socfin,Socfinaf SA,Luxembourg,NA,Socfinaf SA,Luxembourg,2018,2018-03-31,NA,NA,NA,NA,NA,NA,Shareholding,Shareholding,NA,NA,NA,NA,NA,NA,NA,NA,NA,NA,NA,Delen Capfi Private Bank,Belgium,NA,NA,0.54616577,0.1682,Ackermans & van Haaren,Belgium,"Thomson Reuters Eikon, 'Share ownership: Socfinaf SA -  31 March 2018', viewed in January 2021.",Thomson Reuters,Socfin,Socfin,NA,NA,NA,n/a,n/a,NA,NA,1
Socfin,Socfinaf SA,Luxembourg,NA,Socfinaf SA,Luxembourg,2018,2018-03-31,NA,NA,NA,NA,NA,NA,Shareholding,Shareholding,NA,NA,NA,NA,NA,NA,NA,NA,NA,NA,NA,Banque Degroof Petercam N.V.,Belgium,NA,NA,0.35136664,0.1082,Banque Degroof Petercam,Belgium,"Thomson Reuters Eikon, 'Share ownership: Socfinaf SA -  31 March 2018', viewed in January 2021.",Thomson Reuters,Socfin,Socfin,NA,NA,NA,n/a,n/a,NA,NA,1
Socfin,Socfinaf SA,Luxembourg,NA,Socfinaf SA,Luxembourg,2018,2018-03-31,NA,NA,NA,NA,NA,NA,Shareholding,Shareholding,NA,NA,NA,NA,NA,NA,NA,NA,NA,NA,NA,Bank Dierickx Leys N.V.,Belgium,NA,NA,0.26868574,0.0729,Dierickx Leys & Cie,Belgium,"Thomson Reuters Eikon, 'Share ownership: Socfinaf SA -  31 March 2018', viewed in January 2021.",Thomson Reuters,Socfin,Socfin,NA,NA,NA,n/a,n/a,NA,NA,1
Socfin,Socfinaf SA,Luxembourg,NA,Socfinaf SA,Luxembourg,2018,2018-03-31,NA,NA,NA,NA,NA,NA,Shareholding,Shareholding,NA,NA,NA,NA,NA,NA,NA,NA,NA,NA,NA,Kredietrust Luxembourg S.A.,Luxembourg,NA,NA,0.027308290000000002,0.0084,Precision Capital,Luxembourg,"Thomson Reuters Eikon, 'Share ownership: Socfinaf SA -  31 March 2018', viewed in January 2021.",Thomson Reuters,Socfin,Socfin,NA,NA,NA,n/a,n/a,NA,NA,1
Socfin,Socfinasia SA,Luxembourg,NA,Socfinasia SA,Luxembourg,2018,2018-03-31,NA,NA,NA,NA,NA,NA,Shareholding,Shareholding,NA,NA,NA,NA,NA,NA,NA,NA,NA,NA,NA,Delen Capfi Private Bank,Belgium,NA,NA,0.381024,0.0873,Ackermans & van Haaren,Belgium,"Thomson Reuters Eikon, 'Share ownership: Socfinasia SA -  31 March 2018', viewed in January 2021.",Thomson Reuters,Socfinasia,Socfinasia,NA,NA,NA,n/a,n/a,0.004494906945210561,NA,1
Socfin,Socfinasia SA,Luxembourg,NA,Socfinasia SA,Luxembourg,2018,2018-03-31,NA,NA,NA,NA,NA,NA,Shareholding,Shareholding,NA,NA,NA,NA,NA,NA,NA,NA,NA,NA,NA,FIDE Capital,Belgium,NA,NA,0.163296,0.0374,FIDE Capital,Belgium,"Thomson Reuters Eikon, 'Share ownership: Socfinasia SA -  31 March 2018', viewed in January 2021.",Thomson Reuters,Socfinasia,Socfinasia,NA,NA,NA,n/a,n/a,0.001926388690804526,NA,1
Socfin,Socfinasia SA,Luxembourg,NA,Socfinasia SA,Luxembourg,2018,2018-03-31,NA,NA,NA,NA,NA,NA,Shareholding,Shareholding,NA,NA,NA,NA,NA,NA,NA,NA,NA,NA,NA,Value Square N.V.,Belgium,NA,NA,0.14152320000000002,0.0324,Value Square,Belgium,"Thomson Reuters Eikon, 'Share ownership: Socfinasia SA -  31 March 2018', viewed in January 2021.",Thomson Reuters,Socfinasia,Socfinasia,NA,NA,NA,n/a,n/a,0.0016695368653639226,NA,1
Socfin,Socfinaf SA,Luxembourg,NA,Socfinaf SA,Luxembourg,2017,2017-12-31,NA,NA,NA,NA,NA,NA,Shareholding,Shareholding,NA,NA,NA,NA,NA,NA,NA,NA,NA,NA,NA,Value Square N.V.,Belgium,NA,NA,11.21596058,3.2558,Value Square,Belgium,"Thomson Reuters Eikon, 'Share ownership: Socfinaf SA -  31 December 2017', viewed in January 2021.",Thomson Reuters,Socfin,Socfin,NA,NA,NA,n/a,n/a,NA,NA,4
Socfin,Socfinaf SA,Luxembourg,NA,Socfinaf SA,Luxembourg,2017,2017-12-31,NA,NA,NA,NA,NA,NA,Shareholding,Shareholding,NA,NA,NA,NA,NA,NA,NA,NA,NA,NA,NA,Capfi Delen Asset Management,Belgium,NA,NA,3.8558951,1.0499,Ackermans & van Haaren,Belgium,"Thomson Reuters Eikon, 'Share ownership: Socfinaf SA -  31 December 2017', viewed in January 2021.",Thomson Reuters,Socfin,Socfin,NA,NA,NA,n/a,n/a,NA,NA,4
Socfin,Socfinaf SA,Luxembourg,NA,Socfinaf SA,Luxembourg,2017,2017-12-31,NA,NA,NA,NA,NA,NA,Shareholding,Shareholding,NA,NA,NA,NA,NA,NA,NA,NA,NA,NA,NA,Banque Degroof Petercam N.V.,Belgium,NA,NA,1.1877856599999999,0.3448,Banque Degroof Petercam,Belgium,"Thomson Reuters Eikon, 'Share ownership: Socfinaf SA -  31 December 2017', viewed in January 2021.",Thomson Reuters,Socfin,Socfin,NA,NA,NA,n/a,n/a,NA,NA,4
Socfin,Socfinaf SA,Luxembourg,NA,Socfinaf SA,Luxembourg,2017,2017-12-31,NA,NA,NA,NA,NA,NA,Shareholding,Shareholding,NA,NA,NA,NA,NA,NA,NA,NA,NA,NA,NA,Delen Capfi Private Bank,Belgium,NA,NA,0.57940764,0.1682,Ackermans & van Haaren,Belgium,"Thomson Reuters Eikon, 'Share ownership: Socfinaf SA -  31 December 2017', viewed in January 2021.",Thomson Reuters,Socfin,Socfin,NA,NA,NA,n/a,n/a,NA,NA,4
Socfin,Socfinaf SA,Luxembourg,NA,Socfinaf SA,Luxembourg,2017,2017-12-31,NA,NA,NA,NA,NA,NA,Shareholding,Shareholding,NA,NA,NA,NA,NA,NA,NA,NA,NA,NA,NA,Bank Dierickx Leys N.V.,Belgium,NA,NA,0.26868574,0.0729,Dierickx Leys & Cie,Belgium,"Thomson Reuters Eikon, 'Share ownership: Socfinaf SA -  31 December 2017', viewed in January 2021.",Thomson Reuters,Socfin,Socfin,NA,NA,NA,n/a,n/a,NA,NA,4
Socfin,Socfinaf SA,Luxembourg,NA,Socfinaf SA,Luxembourg,2017,2017-12-31,NA,NA,NA,NA,NA,NA,Shareholding,Shareholding,NA,NA,NA,NA,NA,NA,NA,NA,NA,NA,NA,Kredietrust Luxembourg S.A.,Luxembourg,NA,NA,0.05262953,0.0153,Precision Capital,Luxembourg,"Thomson Reuters Eikon, 'Share ownership: Socfinaf SA -  31 December 2017', viewed in January 2021.",Thomson Reuters,Socfin,Socfin,NA,NA,NA,n/a,n/a,NA,NA,4
Socfin,Socfinasia SA,Luxembourg,NA,Socfinasia SA,Luxembourg,2017,2017-12-31,NA,NA,NA,NA,NA,NA,Shareholding,Shareholding,NA,NA,NA,NA,NA,NA,NA,NA,NA,NA,NA,Delen Capfi Private Bank,Belgium,NA,NA,0.41986,0.0873,Ackermans & van Haaren,Belgium,"Thomson Reuters Eikon, 'Share ownership: Socfinasia SA -  31 December 2017', viewed in January 2021.",Thomson Reuters,Socfinasia,Socfinasia,NA,NA,NA,n/a,n/a,0.004494906945210561,NA,4
Socfin,Socfinasia SA,Luxembourg,NA,Socfinasia SA,Luxembourg,2017,2017-12-31,NA,NA,NA,NA,NA,NA,Shareholding,Shareholding,NA,NA,NA,NA,NA,NA,NA,NA,NA,NA,NA,FIDE Capital,Belgium,NA,NA,0.17994,0.0374,FIDE Capital,Belgium,"Thomson Reuters Eikon, 'Share ownership: Socfinasia SA -  31 December 2017', viewed in January 2021.",Thomson Reuters,Socfinasia,Socfinasia,NA,NA,NA,n/a,n/a,0.001926388690804526,NA,4
Socfin,Socfinasia SA,Luxembourg,NA,Socfinasia SA,Luxembourg,2017,2017-12-31,NA,NA,NA,NA,NA,NA,Shareholding,Shareholding,NA,NA,NA,NA,NA,NA,NA,NA,NA,NA,NA,Value Square N.V.,Belgium,NA,NA,0.155948,0.0324,Value Square,Belgium,"Thomson Reuters Eikon, 'Share ownership: Socfinasia SA -  31 December 2017', viewed in January 2021.",Thomson Reuters,Socfinasia,Socfinasia,NA,NA,NA,n/a,n/a,0.0016695368653639226,NA,4
Socfin,Socfinaf SA,Luxembourg,NA,Socfinaf SA,Luxembourg,2017,2017-09-30,NA,NA,NA,NA,NA,NA,Shareholding,Shareholding,NA,NA,NA,NA,NA,NA,NA,NA,NA,NA,NA,Value Square N.V.,Belgium,NA,NA,11.923877300000001,3.1635,Value Square,Belgium,"Thomson Reuters Eikon, 'Share ownership: Socfinaf SA -  30 September 2017', viewed in January 2021.",Thomson Reuters,Socfin,Socfin,NA,NA,NA,n/a,n/a,NA,NA,3
Socfin,Socfinaf SA,Luxembourg,NA,Socfinaf SA,Luxembourg,2017,2017-09-30,NA,NA,NA,NA,NA,NA,Shareholding,Shareholding,NA,NA,NA,NA,NA,NA,NA,NA,NA,NA,NA,Capfi Delen Asset Management,Belgium,NA,NA,3.61350106,0.9587,Ackermans & van Haaren,Belgium,"Thomson Reuters Eikon, 'Share ownership: Socfinaf SA -  30 September 2017', viewed in January 2021.",Thomson Reuters,Socfin,Socfin,NA,NA,NA,n/a,n/a,NA,NA,3
Socfin,Socfinaf SA,Luxembourg,NA,Socfinaf SA,Luxembourg,2017,2017-09-30,NA,NA,NA,NA,NA,NA,Shareholding,Shareholding,NA,NA,NA,NA,NA,NA,NA,NA,NA,NA,NA,Banque Degroof Petercam N.V.,Belgium,NA,NA,1.60600047,0.4261,Banque Degroof Petercam,Belgium,"Thomson Reuters Eikon, 'Share ownership: Socfinaf SA -  30 September 2017', viewed in January 2021.",Thomson Reuters,Socfin,Socfin,NA,NA,NA,n/a,n/a,NA,NA,3
Socfin,Socfinaf SA,Luxembourg,NA,Socfinaf SA,Luxembourg,2017,2017-09-30,NA,NA,NA,NA,NA,NA,Shareholding,Shareholding,NA,NA,NA,NA,NA,NA,NA,NA,NA,NA,NA,Delen Capfi Private Bank,Belgium,NA,NA,0.63394755,0.1682,Ackermans & van Haaren,Belgium,"Thomson Reuters Eikon, 'Share ownership: Socfinaf SA -  30 September 2017', viewed in January 2021.",Thomson Reuters,Socfin,Socfin,NA,NA,NA,n/a,n/a,NA,NA,3
Socfin,Socfinaf SA,Luxembourg,NA,Socfinaf SA,Luxembourg,2017,2017-09-30,NA,NA,NA,NA,NA,NA,Shareholding,Shareholding,NA,NA,NA,NA,NA,NA,NA,NA,NA,NA,NA,Bank Dierickx Leys N.V.,Belgium,NA,NA,0.2779891,0.0729,Dierickx Leys & Cie,Belgium,"Thomson Reuters Eikon, 'Share ownership: Socfinaf SA -  30 September 2017', viewed in January 2021.",Thomson Reuters,Socfin,Socfin,NA,NA,NA,n/a,n/a,NA,NA,3
Socfin,Socfinaf SA,Luxembourg,NA,Socfinaf SA,Luxembourg,2017,2017-09-30,NA,NA,NA,NA,NA,NA,Shareholding,Shareholding,NA,NA,NA,NA,NA,NA,NA,NA,NA,NA,NA,Kredietrust Luxembourg S.A.,Luxembourg,NA,NA,0.05758357,0.0153,Precision Capital,Luxembourg,"Thomson Reuters Eikon, 'Share ownership: Socfinaf SA -  30 September 2017', viewed in January 2021.",Thomson Reuters,Socfin,Socfin,NA,NA,NA,n/a,n/a,NA,NA,3
Socfin,Socfinasia SA,Luxembourg,NA,Socfinasia SA,Luxembourg,2017,2017-09-30,NA,NA,NA,NA,NA,NA,Shareholding,Shareholding,NA,NA,NA,NA,NA,NA,NA,NA,NA,NA,NA,Delen Capfi Private Bank,Belgium,NA,NA,0.2960375,0.0623,Ackermans & van Haaren,Belgium,"Thomson Reuters Eikon, 'Share ownership: Socfinasia SA -  30 September 2017', viewed in January 2021.",Thomson Reuters,Socfinasia,Socfinasia,NA,NA,NA,n/a,n/a,0.0032106478180075433,NA,3
Socfin,Socfinasia SA,Luxembourg,NA,Socfinasia SA,Luxembourg,2017,2017-09-30,NA,NA,NA,NA,NA,NA,Shareholding,Shareholding,NA,NA,NA,NA,NA,NA,NA,NA,NA,NA,NA,FIDE Capital,Belgium,NA,NA,0.18248175,0.0374,FIDE Capital,Belgium,"Thomson Reuters Eikon, 'Share ownership: Socfinasia SA -  30 September 2017', viewed in January 2021.",Thomson Reuters,Socfinasia,Socfinasia,NA,NA,NA,n/a,n/a,0.001926388690804526,NA,3
Socfin,Socfinasia SA,Luxembourg,NA,Socfinasia SA,Luxembourg,2017,2017-09-30,NA,NA,NA,NA,NA,NA,Shareholding,Shareholding,NA,NA,NA,NA,NA,NA,NA,NA,NA,NA,NA,Value Square N.V.,Belgium,NA,NA,0.08675083,0.0183,Value Square,Belgium,"Thomson Reuters Eikon, 'Share ownership: Socfinasia SA -  30 September 2017', viewed in January 2021.",Thomson Reuters,Socfinasia,Socfinasia,NA,NA,NA,n/a,n/a,9.408482365889305e-4,NA,3
Socfin,Socfinaf SA,Luxembourg,NA,Socfinaf SA,Luxembourg,2017,2017-06-30,NA,NA,NA,NA,NA,NA,Shareholding,Shareholding,NA,NA,NA,NA,NA,NA,NA,NA,NA,NA,NA,Value Square N.V.,Belgium,NA,NA,10.773651869999998,2.9334,Value Square,Belgium,"Thomson Reuters Eikon, 'Share ownership: Socfinaf SA -  30 June 2017', viewed in January 2021.",Thomson Reuters,Socfin,Socfin,NA,NA,NA,n/a,n/a,NA,NA,2
Socfin,Socfinaf SA,Luxembourg,NA,Socfinaf SA,Luxembourg,2017,2017-06-30,NA,NA,NA,NA,NA,NA,Shareholding,Shareholding,NA,NA,NA,NA,NA,NA,NA,NA,NA,NA,NA,Capfi Delen Asset Management,Belgium,NA,NA,3.59589596,0.9428,Ackermans & van Haaren,Belgium,"Thomson Reuters Eikon, 'Share ownership: Socfinaf SA -  30 June 2017', viewed in January 2021.",Thomson Reuters,Socfin,Socfin,NA,NA,NA,n/a,n/a,NA,NA,2
Socfin,Socfinaf SA,Luxembourg,NA,Socfinaf SA,Luxembourg,2017,2017-06-30,NA,NA,NA,NA,NA,NA,Shareholding,Shareholding,NA,NA,NA,NA,NA,NA,NA,NA,NA,NA,NA,Banque Degroof Petercam N.V.,Belgium,NA,NA,1.71070217,0.4485,Banque Degroof Petercam,Belgium,"Thomson Reuters Eikon, 'Share ownership: Socfinaf SA -  30 June 2017', viewed in January 2021.",Thomson Reuters,Socfin,Socfin,NA,NA,NA,n/a,n/a,NA,NA,2
Socfin,Socfinaf SA,Luxembourg,NA,Socfinaf SA,Luxembourg,2017,2017-06-30,NA,NA,NA,NA,NA,NA,Shareholding,Shareholding,NA,NA,NA,NA,NA,NA,NA,NA,NA,NA,NA,Delen Capfi Private Bank,Belgium,NA,NA,0.64151331,0.1682,Ackermans & van Haaren,Belgium,"Thomson Reuters Eikon, 'Share ownership: Socfinaf SA -  30 June 2017', viewed in January 2021.",Thomson Reuters,Socfin,Socfin,NA,NA,NA,n/a,n/a,NA,NA,2
Socfin,Socfinaf SA,Luxembourg,NA,Socfinaf SA,Luxembourg,2017,2017-06-30,NA,NA,NA,NA,NA,NA,Shareholding,Shareholding,NA,NA,NA,NA,NA,NA,NA,NA,NA,NA,NA,Bank Dierickx Leys N.V.,Belgium,NA,NA,0.2779891,0.0729,Dierickx Leys & Cie,Belgium,"Thomson Reuters Eikon, 'Share ownership: Socfinaf SA -  30 June 2017', viewed in January 2021.",Thomson Reuters,Socfin,Socfin,NA,NA,NA,n/a,n/a,NA,NA,2
Socfin,Socfinaf SA,Luxembourg,NA,Socfinaf SA,Luxembourg,2017,2017-06-30,NA,NA,NA,NA,NA,NA,Shareholding,Shareholding,NA,NA,NA,NA,NA,NA,NA,NA,NA,NA,NA,Kredietrust Luxembourg S.A.,Luxembourg,NA,NA,0.05827079,0.0153,Precision Capital,Luxembourg,"Thomson Reuters Eikon, 'Share ownership: Socfinaf SA -  30 June 2017', viewed in January 2021.",Thomson Reuters,Socfin,Socfin,NA,NA,NA,n/a,n/a,NA,NA,2
Socfin,Socfinasia SA,Luxembourg,NA,Socfinasia SA,Luxembourg,2017,2017-06-30,NA,NA,NA,NA,NA,NA,Shareholding,Shareholding,NA,NA,NA,NA,NA,NA,NA,NA,NA,NA,NA,Capfi Delen Asset Management,Belgium,NA,NA,0.486618,0.0998,Ackermans & van Haaren,Belgium,"Thomson Reuters Eikon, 'Share ownership: Socfinasia SA -  30 June 2017', viewed in January 2021.",Thomson Reuters,Socfinasia,Socfinasia,NA,NA,NA,n/a,n/a,0.00513703650881207,NA,2
Socfin,Socfinasia SA,Luxembourg,NA,Socfinasia SA,Luxembourg,2017,2017-06-30,NA,NA,NA,NA,NA,NA,Shareholding,Shareholding,NA,NA,NA,NA,NA,NA,NA,NA,NA,NA,NA,Delen Capfi Private Bank,Belgium,NA,NA,0.30413625,0.0623,Ackermans & van Haaren,Belgium,"Thomson Reuters Eikon, 'Share ownership: Socfinasia SA -  30 June 2017', viewed in January 2021.",Thomson Reuters,Socfinasia,Socfinasia,NA,NA,NA,n/a,n/a,0.0032106478180075433,NA,2
Socfin,Socfinasia SA,Luxembourg,NA,Socfinasia SA,Luxembourg,2017,2017-06-30,NA,NA,NA,NA,NA,NA,Shareholding,Shareholding,NA,NA,NA,NA,NA,NA,NA,NA,NA,NA,NA,FIDE Capital,Belgium,NA,NA,0.18248175,0.0374,FIDE Capital,Belgium,"Thomson Reuters Eikon, 'Share ownership: Socfinasia SA -  30 June 2017', viewed in January 2021.",Thomson Reuters,Socfinasia,Socfinasia,NA,NA,NA,n/a,n/a,0.001926388690804526,NA,2
Socfin,Socfinasia SA,Luxembourg,NA,Socfinasia SA,Luxembourg,2017,2017-06-30,NA,NA,NA,NA,NA,NA,Shareholding,Shareholding,NA,NA,NA,NA,NA,NA,NA,NA,NA,NA,NA,Value Square N.V.,Belgium,NA,NA,0.04131754,0.0085,Value Square,Belgium,"Thomson Reuters Eikon, 'Share ownership: Socfinasia SA -  30 June 2017', viewed in January 2021.",Thomson Reuters,Socfinasia,Socfinasia,NA,NA,NA,n/a,n/a,4.3870291785255076e-4,NA,2
Socfin,Socfinaf SA,Luxembourg,NA,Socfinaf SA,Luxembourg,2017,2017-03-31,NA,NA,NA,NA,NA,NA,Shareholding,Shareholding,NA,NA,NA,NA,NA,NA,NA,NA,NA,NA,NA,Value Square N.V.,Belgium,NA,NA,9.44043245,2.8373,Value Square,Belgium,"Thomson Reuters Eikon, 'Share ownership: Socfinaf SA -  31 March 2017', viewed in January 2021.",Thomson Reuters,Socfin,Socfin,NA,NA,NA,n/a,n/a,NA,NA,1
Socfin,Socfinaf SA,Luxembourg,NA,Socfinaf SA,Luxembourg,2017,2017-03-31,NA,NA,NA,NA,NA,NA,Shareholding,Shareholding,NA,NA,NA,NA,NA,NA,NA,NA,NA,NA,NA,Capfi Delen Asset Management,Belgium,NA,NA,2.53072221,0.7606,Ackermans & van Haaren,Belgium,"Thomson Reuters Eikon, 'Share ownership: Socfinaf SA -  31 March 2017', viewed in January 2021.",Thomson Reuters,Socfin,Socfin,NA,NA,NA,n/a,n/a,NA,NA,1
Socfin,Socfinaf SA,Luxembourg,NA,Socfinaf SA,Luxembourg,2017,2017-03-31,NA,NA,NA,NA,NA,NA,Shareholding,Shareholding,NA,NA,NA,NA,NA,NA,NA,NA,NA,NA,NA,Banque Degroof Petercam N.V.,Belgium,NA,NA,1.52432219,0.4581,Banque Degroof Petercam,Belgium,"Thomson Reuters Eikon, 'Share ownership: Socfinaf SA -  31 March 2017', viewed in January 2021.",Thomson Reuters,Socfin,Socfin,NA,NA,NA,n/a,n/a,NA,NA,1
Socfin,Socfinaf SA,Luxembourg,NA,Socfinaf SA,Luxembourg,2017,2017-03-31,NA,NA,NA,NA,NA,NA,Shareholding,Shareholding,NA,NA,NA,NA,NA,NA,NA,NA,NA,NA,NA,Delen Capfi Private Bank,Belgium,NA,NA,0.48452708,0.1456,Ackermans & van Haaren,Belgium,"Thomson Reuters Eikon, 'Share ownership: Socfinaf SA -  31 March 2017', viewed in January 2021.",Thomson Reuters,Socfin,Socfin,NA,NA,NA,n/a,n/a,NA,NA,1
Socfin,Socfinaf SA,Luxembourg,NA,Socfinaf SA,Luxembourg,2017,2017-03-31,NA,NA,NA,NA,NA,NA,Shareholding,Shareholding,NA,NA,NA,NA,NA,NA,NA,NA,NA,NA,NA,Bank Dierickx Leys N.V.,Belgium,NA,NA,0.19225928,0.0728,Dierickx Leys & Cie,Belgium,"Thomson Reuters Eikon, 'Share ownership: Socfinaf SA -  31 March 2017', viewed in January 2021.",Thomson Reuters,Socfin,Socfin,NA,NA,NA,n/a,n/a,NA,NA,1
Socfin,Socfinaf SA,Luxembourg,NA,Socfinaf SA,Luxembourg,2017,2017-03-31,NA,NA,NA,NA,NA,NA,Shareholding,Shareholding,NA,NA,NA,NA,NA,NA,NA,NA,NA,NA,NA,Kredietrust Luxembourg S.A.,Luxembourg,NA,NA,0.05078217,0.0153,Precision Capital,Luxembourg,"Thomson Reuters Eikon, 'Share ownership: Socfinaf SA -  31 March 2017', viewed in January 2021.",Thomson Reuters,Socfin,Socfin,NA,NA,NA,n/a,n/a,NA,NA,1
Socfin,Socfinasia SA,Luxembourg,NA,Socfinasia SA,Luxembourg,2017,2017-03-31,NA,NA,NA,NA,NA,NA,Shareholding,Shareholding,NA,NA,NA,NA,NA,NA,NA,NA,NA,NA,NA,Capfi Delen Asset Management,Belgium,NA,NA,0.64357104,0.1327,Ackermans & van Haaren,Belgium,"Thomson Reuters Eikon, 'Share ownership: Socfinasia SA -  31 March 2017', viewed in January 2021.",Thomson Reuters,Socfinasia,Socfinasia,NA,NA,NA,n/a,n/a,0.0072110966163613744,NA,1
Socfin,Socfinasia SA,Luxembourg,NA,Socfinasia SA,Luxembourg,2017,2017-03-31,NA,NA,NA,NA,NA,NA,Shareholding,Shareholding,NA,NA,NA,NA,NA,NA,NA,NA,NA,NA,NA,Delen Capfi Private Bank,Belgium,NA,NA,0.30243,0.0623,Ackermans & van Haaren,Belgium,"Thomson Reuters Eikon, 'Share ownership: Socfinasia SA -  31 March 2017', viewed in January 2021.",Thomson Reuters,Socfinasia,Socfinasia,NA,NA,NA,n/a,n/a,0.0033886732219743304,NA,1
Socfin,Socfinasia SA,Luxembourg,NA,Socfinasia SA,Luxembourg,2017,2017-03-31,NA,NA,NA,NA,NA,NA,Shareholding,Shareholding,NA,NA,NA,NA,NA,NA,NA,NA,NA,NA,NA,FIDE Capital,Belgium,NA,NA,0.1664475,0.0374,FIDE Capital,Belgium,"Thomson Reuters Eikon, 'Share ownership: Socfinasia SA -  31 March 2017', viewed in January 2021.",Thomson Reuters,Socfinasia,Socfinasia,NA,NA,NA,n/a,n/a,0.002033203933184598,NA,1
Socfin,Socfinaf SA,Luxembourg,NA,Socfinaf SA,Luxembourg,2016,2016-12-31,NA,NA,NA,NA,NA,NA,Shareholding,Shareholding,NA,NA,NA,NA,NA,NA,NA,NA,NA,NA,NA,Value Square N.V.,Belgium,NA,NA,8.23133746,2.8093,Value Square,Belgium,"Thomson Reuters Eikon, 'Share ownership: Socfinaf SA -  31 December 2016', viewed in January 2021.",Thomson Reuters,Socfin,Socfin,NA,NA,NA,n/a,n/a,NA,NA,4
Socfin,Socfinaf SA,Luxembourg,NA,Socfinaf SA,Luxembourg,2016,2016-12-31,NA,NA,NA,NA,NA,NA,Shareholding,Shareholding,NA,NA,NA,NA,NA,NA,NA,NA,NA,NA,NA,Capfi Delen Asset Management,Belgium,NA,NA,2.20299243,0.7519,Ackermans & van Haaren,Belgium,"Thomson Reuters Eikon, 'Share ownership: Socfinaf SA -  31 December 2016', viewed in January 2021.",Thomson Reuters,Socfin,Socfin,NA,NA,NA,n/a,n/a,NA,NA,4
Socfin,Socfinaf SA,Luxembourg,NA,Socfinaf SA,Luxembourg,2016,2016-12-31,NA,NA,NA,NA,NA,NA,Shareholding,Shareholding,NA,NA,NA,NA,NA,NA,NA,NA,NA,NA,NA,Banque Degroof Petercam N.V.,Belgium,NA,NA,1.60959253,0.5493,Banque Degroof Petercam,Belgium,"Thomson Reuters Eikon, 'Share ownership: Socfinaf SA -  31 December 2016', viewed in January 2021.",Thomson Reuters,Socfin,Socfin,NA,NA,NA,n/a,n/a,NA,NA,4
Socfin,Socfinaf SA,Luxembourg,NA,Socfinaf SA,Luxembourg,2016,2016-12-31,NA,NA,NA,NA,NA,NA,Shareholding,Shareholding,NA,NA,NA,NA,NA,NA,NA,NA,NA,NA,NA,Delen Capfi Private Bank,Belgium,NA,NA,0.42668209,0.1456,Ackermans & van Haaren,Belgium,"Thomson Reuters Eikon, 'Share ownership: Socfinaf SA -  31 December 2016', viewed in January 2021.",Thomson Reuters,Socfin,Socfin,NA,NA,NA,n/a,n/a,NA,NA,4
Socfin,Socfinaf SA,Luxembourg,NA,Socfinaf SA,Luxembourg,2016,2016-12-31,NA,NA,NA,NA,NA,NA,Shareholding,Shareholding,NA,NA,NA,NA,NA,NA,NA,NA,NA,NA,NA,Bank Dierickx Leys N.V.,Belgium,NA,NA,0.19225928,0.0728,Dierickx Leys & Cie,Belgium,"Thomson Reuters Eikon, 'Share ownership: Socfinaf SA -  31 December 2016', viewed in January 2021.",Thomson Reuters,Socfin,Socfin,NA,NA,NA,n/a,n/a,NA,NA,4
Socfin,Socfinaf SA,Luxembourg,NA,Socfinaf SA,Luxembourg,2016,2016-12-31,NA,NA,NA,NA,NA,NA,Shareholding,Shareholding,NA,NA,NA,NA,NA,NA,NA,NA,NA,NA,NA,Ashmore Equities Investment Management (US) LLC_NLE,United States,NA,NA,0.10543408,0.03,Ashmore Group,United Kingdom,"Thomson Reuters Eikon, 'Share ownership: Socfinaf SA -  31 December 2016', viewed in January 2021.",Thomson Reuters,Socfin,Socfin,NA,NA,NA,n/a,n/a,NA,NA,4
Socfin,Socfinasia SA,Luxembourg,NA,Socfinasia SA,Luxembourg,2016,2016-12-31,NA,NA,NA,NA,NA,NA,Shareholding,Shareholding,NA,NA,NA,NA,NA,NA,NA,NA,NA,NA,NA,Capfi Delen Asset Management,Belgium,NA,NA,0.6080882,0.1367,Ackermans & van Haaren,Belgium,"Thomson Reuters Eikon, 'Share ownership: Socfinasia SA -  31 December 2016', viewed in January 2021.",Thomson Reuters,Socfinasia,Socfinasia,NA,NA,NA,n/a,n/a,0.007600737799563904,NA,4
Socfin,Socfinasia SA,Luxembourg,NA,Socfinasia SA,Luxembourg,2016,2016-12-31,NA,NA,NA,NA,NA,NA,Shareholding,Shareholding,NA,NA,NA,NA,NA,NA,NA,NA,NA,NA,NA,Delen Capfi Private Bank,Belgium,NA,NA,0.2774125,0.0623,Ackermans & van Haaren,Belgium,"Thomson Reuters Eikon, 'Share ownership: Socfinasia SA -  31 December 2016', viewed in January 2021.",Thomson Reuters,Socfinasia,Socfinasia,NA,NA,NA,n/a,n/a,0.0034674898720638246,NA,4
Socfin,Socfinasia SA,Luxembourg,NA,Socfinasia SA,Luxembourg,2016,2016-12-31,NA,NA,NA,NA,NA,NA,Shareholding,Shareholding,NA,NA,NA,NA,NA,NA,NA,NA,NA,NA,NA,FIDE Capital,Belgium,NA,NA,0.1664475,0.0374,FIDE Capital,Belgium,"Thomson Reuters Eikon, 'Share ownership: Socfinasia SA -  31 December 2016', viewed in January 2021.",Thomson Reuters,Socfinasia,Socfinasia,NA,NA,NA,n/a,n/a,0.002080493923238295,NA,4
Socfin,Socfinaf SA,Luxembourg,NA,Socfinaf SA,Luxembourg,2016,2016-09-30,NA,NA,NA,NA,NA,NA,Shareholding,Shareholding,NA,NA,NA,NA,NA,NA,NA,NA,NA,NA,NA,Value Square N.V.,Belgium,NA,NA,7.319222150000001,2.7719,Value Square,Belgium,"Thomson Reuters Eikon, 'Share ownership: Socfinaf SA -  30 September 2016', viewed in January 2021.",Thomson Reuters,Socfin,Socfin,NA,NA,NA,n/a,n/a,NA,NA,3
Socfin,Socfinaf SA,Luxembourg,NA,Socfinaf SA,Luxembourg,2016,2016-09-30,NA,NA,NA,NA,NA,NA,Shareholding,Shareholding,NA,NA,NA,NA,NA,NA,NA,NA,NA,NA,NA,Capfi Delen Asset Management,Belgium,NA,NA,1.95217118,0.7393,Ackermans & van Haaren,Belgium,"Thomson Reuters Eikon, 'Share ownership: Socfinaf SA -  30 September 2016', viewed in January 2021.",Thomson Reuters,Socfin,Socfin,NA,NA,NA,n/a,n/a,NA,NA,3
Socfin,Socfinaf SA,Luxembourg,NA,Socfinaf SA,Luxembourg,2016,2016-09-30,NA,NA,NA,NA,NA,NA,Shareholding,Shareholding,NA,NA,NA,NA,NA,NA,NA,NA,NA,NA,NA,Banque Degroof Petercam N.V.,Belgium,NA,NA,1.53505727,0.5814,Banque Degroof Petercam,Belgium,"Thomson Reuters Eikon, 'Share ownership: Socfinaf SA -  30 September 2016', viewed in January 2021.",Thomson Reuters,Socfin,Socfin,NA,NA,NA,n/a,n/a,NA,NA,3
Socfin,Socfinaf SA,Luxembourg,NA,Socfinaf SA,Luxembourg,2016,2016-09-30,NA,NA,NA,NA,NA,NA,Shareholding,Shareholding,NA,NA,NA,NA,NA,NA,NA,NA,NA,NA,NA,Delen Capfi Private Bank,Belgium,NA,NA,0.38451857,0.1456,Ackermans & van Haaren,Belgium,"Thomson Reuters Eikon, 'Share ownership: Socfinaf SA -  30 September 2016', viewed in January 2021.",Thomson Reuters,Socfin,Socfin,NA,NA,NA,n/a,n/a,NA,NA,3
Socfin,Socfinaf SA,Luxembourg,NA,Socfinaf SA,Luxembourg,2016,2016-09-30,NA,NA,NA,NA,NA,NA,Shareholding,Shareholding,NA,NA,NA,NA,NA,NA,NA,NA,NA,NA,NA,Bank Dierickx Leys N.V.,Belgium,NA,NA,0.19225928,0.0728,Dierickx Leys & Cie,Belgium,"Thomson Reuters Eikon, 'Share ownership: Socfinaf SA -  30 September 2016', viewed in January 2021.",Thomson Reuters,Socfin,Socfin,NA,NA,NA,n/a,n/a,NA,NA,3
Socfin,Socfinaf SA,Luxembourg,NA,Socfinaf SA,Luxembourg,2016,2016-09-30,NA,NA,NA,NA,NA,NA,Shareholding,Shareholding,NA,NA,NA,NA,NA,NA,NA,NA,NA,NA,NA,Ashmore Equities Investment Management (US) LLC_NLE,United States,NA,NA,0.10543408,0.03,Ashmore Group,United Kingdom,"Thomson Reuters Eikon, 'Share ownership: Socfinaf SA -  30 September 2016', viewed in January 2021.",Thomson Reuters,Socfin,Socfin,NA,NA,NA,n/a,n/a,NA,NA,3
Socfin,Socfinasia SA,Luxembourg,NA,Socfinasia SA,Luxembourg,2016,2016-09-30,NA,NA,NA,NA,NA,NA,Shareholding,Shareholding,NA,NA,NA,NA,NA,NA,NA,NA,NA,NA,NA,Capfi Delen Asset Management,Belgium,NA,NA,0.7597034300000001,0.1837,Ackermans & van Haaren,Belgium,"Thomson Reuters Eikon, 'Share ownership: Socfinasia SA -  30 September 2016', viewed in January 2021.",Thomson Reuters,Socfinasia,Socfinasia,NA,NA,NA,n/a,n/a,0.010219386150946504,NA,3
Socfin,Socfinasia SA,Luxembourg,NA,Socfinasia SA,Luxembourg,2016,2016-09-30,NA,NA,NA,NA,NA,NA,Shareholding,Shareholding,NA,NA,NA,NA,NA,NA,NA,NA,NA,NA,NA,Delen Capfi Private Bank,Belgium,NA,NA,0.25777125,0.0623,Ackermans & van Haaren,Belgium,"Thomson Reuters Eikon, 'Share ownership: Socfinasia SA -  30 September 2016', viewed in January 2021.",Thomson Reuters,Socfinasia,Socfinasia,NA,NA,NA,n/a,n/a,0.0034674898720638246,NA,3
Socfin,Socfinasia SA,Luxembourg,NA,Socfinasia SA,Luxembourg,2016,2016-09-30,NA,NA,NA,NA,NA,NA,Shareholding,Shareholding,NA,NA,NA,NA,NA,NA,NA,NA,NA,NA,NA,FIDE Capital,Belgium,NA,NA,0.15466275,0.0374,FIDE Capital,Belgium,"Thomson Reuters Eikon, 'Share ownership: Socfinasia SA -  30 September 2016', viewed in January 2021.",Thomson Reuters,Socfinasia,Socfinasia,NA,NA,NA,n/a,n/a,0.002080493923238295,NA,3
Socfin,Socfinaf SA,Luxembourg,NA,Socfinaf SA,Luxembourg,2016,2016-06-30,NA,NA,NA,NA,NA,NA,Shareholding,Shareholding,NA,NA,NA,NA,NA,NA,NA,NA,NA,NA,NA,Value Square N.V.,Belgium,NA,NA,6.7096312199999995,2.6503,Value Square,Belgium,"Thomson Reuters Eikon, 'Share ownership: Socfinaf SA -  30 June 2016', viewed in January 2021.",Thomson Reuters,Socfin,Socfin,NA,NA,NA,n/a,n/a,NA,NA,2
Socfin,Socfinaf SA,Luxembourg,NA,Socfinaf SA,Luxembourg,2016,2016-06-30,NA,NA,NA,NA,NA,NA,Shareholding,Shareholding,NA,NA,NA,NA,NA,NA,NA,NA,NA,NA,NA,Capfi Delen Asset Management,Belgium,NA,NA,1.73163117,0.684,Ackermans & van Haaren,Belgium,"Thomson Reuters Eikon, 'Share ownership: Socfinaf SA -  30 June 2016', viewed in January 2021.",Thomson Reuters,Socfin,Socfin,NA,NA,NA,n/a,n/a,NA,NA,2
Socfin,Socfinaf SA,Luxembourg,NA,Socfinaf SA,Luxembourg,2016,2016-06-30,NA,NA,NA,NA,NA,NA,Shareholding,Shareholding,NA,NA,NA,NA,NA,NA,NA,NA,NA,NA,NA,Banque Degroof Petercam N.V.,Belgium,NA,NA,1.47180142,0.5814,Banque Degroof Petercam,Belgium,"Thomson Reuters Eikon, 'Share ownership: Socfinaf SA -  30 June 2016', viewed in January 2021.",Thomson Reuters,Socfin,Socfin,NA,NA,NA,n/a,n/a,NA,NA,2
Socfin,Socfinaf SA,Luxembourg,NA,Socfinaf SA,Luxembourg,2016,2016-06-30,NA,NA,NA,NA,NA,NA,Shareholding,Shareholding,NA,NA,NA,NA,NA,NA,NA,NA,NA,NA,NA,Delen Capfi Private Bank,Belgium,NA,NA,0.36867352000000003,0.1456,Ackermans & van Haaren,Belgium,"Thomson Reuters Eikon, 'Share ownership: Socfinaf SA -  30 June 2016', viewed in January 2021.",Thomson Reuters,Socfin,Socfin,NA,NA,NA,n/a,n/a,NA,NA,2
Socfin,Socfinaf SA,Luxembourg,NA,Socfinaf SA,Luxembourg,2016,2016-06-30,NA,NA,NA,NA,NA,NA,Shareholding,Shareholding,NA,NA,NA,NA,NA,NA,NA,NA,NA,NA,NA,Bank Dierickx Leys N.V.,Belgium,NA,NA,0.18433676000000002,0.0728,Dierickx Leys & Cie,Belgium,"Thomson Reuters Eikon, 'Share ownership: Socfinaf SA -  30 June 2016', viewed in January 2021.",Thomson Reuters,Socfin,Socfin,NA,NA,NA,n/a,n/a,NA,NA,2
Socfin,Socfinaf SA,Luxembourg,NA,Socfinaf SA,Luxembourg,2016,2016-06-30,NA,NA,NA,NA,NA,NA,Shareholding,Shareholding,NA,NA,NA,NA,NA,NA,NA,NA,NA,NA,NA,Ashmore Equities Investment Management (US) LLC_NLE,United States,NA,NA,0.10543408,0.03,Ashmore Group,United Kingdom,"Thomson Reuters Eikon, 'Share ownership: Socfinaf SA -  30 June 2016', viewed in January 2021.",Thomson Reuters,Socfin,Socfin,NA,NA,NA,n/a,n/a,NA,NA,2
Socfin,Socfinasia SA,Luxembourg,NA,Socfinasia SA,Luxembourg,2016,2016-06-30,NA,NA,NA,NA,NA,NA,Shareholding,Shareholding,NA,NA,NA,NA,NA,NA,NA,NA,NA,NA,NA,Capfi Delen Asset Management,Belgium,NA,NA,0.84628342,0.2007,Ackermans & van Haaren,Belgium,"Thomson Reuters Eikon, 'Share ownership: Socfinasia SA -  30 June 2016', viewed in January 2021.",Thomson Reuters,Socfinasia,Socfinasia,NA,NA,NA,n/a,n/a,0.011162543396147865,NA,2
Socfin,Socfinasia SA,Luxembourg,NA,Socfinasia SA,Luxembourg,2016,2016-06-30,NA,NA,NA,NA,NA,NA,Shareholding,Shareholding,NA,NA,NA,NA,NA,NA,NA,NA,NA,NA,NA,Delen Capfi Private Bank,Belgium,NA,NA,0.26288625,0.0623,Ackermans & van Haaren,Belgium,"Thomson Reuters Eikon, 'Share ownership: Socfinasia SA -  30 June 2016', viewed in January 2021.",Thomson Reuters,Socfinasia,Socfinasia,NA,NA,NA,n/a,n/a,0.0034674898720638246,NA,2
Socfin,Socfinasia SA,Luxembourg,NA,Socfinasia SA,Luxembourg,2016,2016-06-30,NA,NA,NA,NA,NA,NA,Shareholding,Shareholding,NA,NA,NA,NA,NA,NA,NA,NA,NA,NA,NA,FIDE Capital,Belgium,NA,NA,0.15773175,0.0374,FIDE Capital,Belgium,"Thomson Reuters Eikon, 'Share ownership: Socfinasia SA -  30 June 2016', viewed in January 2021.",Thomson Reuters,Socfinasia,Socfinasia,NA,NA,NA,n/a,n/a,0.002080493923238295,NA,2
Socfin,Socfinaf SA,Luxembourg,NA,Socfinaf SA,Luxembourg,2016,2016-03-31,NA,NA,NA,NA,NA,NA,Shareholding,Shareholding,NA,NA,NA,NA,NA,NA,NA,NA,NA,NA,NA,Value Square N.V.,Belgium,NA,NA,8.23066908,2.6568,Value Square,Belgium,"Thomson Reuters Eikon, 'Share ownership: Socfinaf SA -  31 March 2016', viewed in January 2021.",Thomson Reuters,Socfin,Socfin,NA,NA,NA,n/a,n/a,0.020926357979886342,NA,1
Socfin,Socfinaf SA,Luxembourg,NA,Socfinaf SA,Luxembourg,2016,2016-03-31,NA,NA,NA,NA,NA,NA,Shareholding,Shareholding,NA,NA,NA,NA,NA,NA,NA,NA,NA,NA,NA,Delen Capfi Private Bank,Belgium,NA,NA,2.51769277,0.8127,Ackermans & van Haaren,Belgium,"Thomson Reuters Eikon, 'Share ownership: Socfinaf SA -  31 March 2016', viewed in January 2021.",Thomson Reuters,Socfin,Socfin,NA,NA,NA,n/a,n/a,0.006401197726749829,NA,1
Socfin,Socfinaf SA,Luxembourg,NA,Socfinaf SA,Luxembourg,2016,2016-03-31,NA,NA,NA,NA,NA,NA,Shareholding,Shareholding,NA,NA,NA,NA,NA,NA,NA,NA,NA,NA,NA,Capfi Delen Asset Management,Belgium,NA,NA,2.06655554,0.6671,Ackermans & van Haaren,Belgium,"Thomson Reuters Eikon, 'Share ownership: Socfinaf SA -  31 March 2016', viewed in January 2021.",Thomson Reuters,Socfin,Socfin,NA,NA,NA,n/a,n/a,0.005254187796388041,NA,1
Socfin,Socfinaf SA,Luxembourg,NA,Socfinaf SA,Luxembourg,2016,2016-03-31,NA,NA,NA,NA,NA,NA,Shareholding,Shareholding,NA,NA,NA,NA,NA,NA,NA,NA,NA,NA,NA,Banque Degroof Petercam N.V.,Belgium,NA,NA,1.8357120900000001,0.5926,Banque Degroof Petercam,Belgium,"Thomson Reuters Eikon, 'Share ownership: Socfinaf SA -  31 March 2016', viewed in January 2021.",Thomson Reuters,Socfin,Socfin,NA,NA,NA,n/a,n/a,0.004667271638175223,NA,1
Socfin,Socfinaf SA,Luxembourg,NA,Socfinaf SA,Luxembourg,2016,2016-03-31,NA,NA,NA,NA,NA,NA,Shareholding,Shareholding,NA,NA,NA,NA,NA,NA,NA,NA,NA,NA,NA,Banque Degroof Petercam Luxembourg S.A.,Luxembourg,NA,NA,1.06914199,0.27,Banque Degroof Petercam,Belgium,"Thomson Reuters Eikon, 'Share ownership: Socfinaf SA -  31 March 2016', viewed in January 2021.",Thomson Reuters,Socfin,Socfin,NA,NA,NA,n/a,n/a,0.001957416561928945,NA,1
Socfin,Socfinaf SA,Luxembourg,NA,Socfinaf SA,Luxembourg,2016,2016-03-31,NA,NA,NA,NA,NA,NA,Shareholding,Shareholding,NA,NA,NA,NA,NA,NA,NA,NA,NA,NA,NA,Bank Dierickx Leys N.V.,Belgium,NA,NA,0.22556860999999997,0.0728,Dierickx Leys & Cie,Belgium,"Thomson Reuters Eikon, 'Share ownership: Socfinaf SA -  31 March 2016', viewed in January 2021.",Thomson Reuters,Socfin,Socfin,NA,NA,NA,n/a,n/a,5.735049651808944e-4,NA,1
Socfin,Socfinaf SA,Luxembourg,NA,Socfinaf SA,Luxembourg,2016,2016-03-31,NA,NA,NA,NA,NA,NA,Shareholding,Shareholding,NA,NA,NA,NA,NA,NA,NA,NA,NA,NA,NA,Ashmore Equities Investment Management (US) LLC_NLE,United States,NA,NA,0.10543408,0.03,Ashmore Group,United Kingdom,"Thomson Reuters Eikon, 'Share ownership: Socfinaf SA -  31 March 2016', viewed in January 2021.",Thomson Reuters,Socfin,Socfin,NA,NA,NA,n/a,n/a,2.5741549783311684e-4,NA,1
Socfin,Socfinasia SA,Luxembourg,NA,Socfinasia SA,Luxembourg,2016,2016-03-31,NA,NA,NA,NA,NA,NA,Shareholding,Shareholding,NA,NA,NA,NA,NA,NA,NA,NA,NA,NA,NA,Delen Capfi Private Bank,Belgium,NA,NA,1.07911228,0.2628,Ackermans & van Haaren,Belgium,"Thomson Reuters Eikon, 'Share ownership: Socfinasia SA -  31 March 2016', viewed in January 2021.",Thomson Reuters,Socfinasia,Socfinasia,NA,NA,NA,n/a,n/a,0.0017484565366357903,NA,1
Socfin,Socfinasia SA,Luxembourg,NA,Socfinasia SA,Luxembourg,2016,2016-03-31,NA,NA,NA,NA,NA,NA,Shareholding,Shareholding,NA,NA,NA,NA,NA,NA,NA,NA,NA,NA,NA,Capfi Delen Asset Management,Belgium,NA,NA,0.82310728,0.2004,Ackermans & van Haaren,Belgium,"Thomson Reuters Eikon, 'Share ownership: Socfinasia SA -  31 March 2016', viewed in January 2021.",Thomson Reuters,Socfinasia,Socfinasia,NA,NA,NA,n/a,n/a,0.001333658534966643,NA,1
Socfin,Socfinasia SA,Luxembourg,NA,Socfinasia SA,Luxembourg,2016,2016-03-31,NA,NA,NA,NA,NA,NA,Shareholding,Shareholding,NA,NA,NA,NA,NA,NA,NA,NA,NA,NA,NA,FIDE Capital,Belgium,NA,NA,0.153603,0.0374,FIDE Capital,Belgium,"Thomson Reuters Eikon, 'Share ownership: Socfinasia SA -  31 March 2016', viewed in January 2021.",Thomson Reuters,Socfinasia,Socfinasia,NA,NA,NA,n/a,n/a,2.4887880100148846e-4,NA,1
Socfin,Socfinasia SA,Luxembourg,NA,Socfinasia SA,Luxembourg,2016,2016-03-31,NA,NA,NA,NA,NA,NA,Shareholding,Shareholding,NA,NA,NA,NA,NA,NA,NA,NA,NA,NA,NA,J. M. Finn & Co.,United Kingdom,NA,NA,0.0547819,0.01,Ackermans & van Haaren,Belgium,"Thomson Reuters Eikon, 'Share ownership: Socfinasia SA -  31 March 2016', viewed in January 2021.",Thomson Reuters,Socfinasia,Socfinasia,NA,NA,NA,n/a,n/a,5.17667906083096e-5,NA,1
Socfin,Socfinaf SA,Luxembourg,NA,Socfinaf SA,Luxembourg,2020,2020-12-31,NA,NA,NA,NA,NA,NA,Shareholding,Shareholding,NA,NA,NA,NA,NA,NA,NA,NA,NA,NA,NA,Delen Capfi Private Bank,Belgium,NA,NA,1.29943059,0.7288,Ackermans & van Haaren,Belgium,"Thomson Reuters Eikon, 'Share ownership: Socfinaf SA -  31 December 2020', viewed in January 2021.",Thomson Reuters,Socfin,Socfin,NA,NA,NA,n/a,n/a,NA,NA,4
Socfin,Socfinasia SA,Luxembourg,NA,Socfinasia SA,Luxembourg,2020,2020-12-31,NA,NA,NA,NA,NA,NA,Shareholding,Shareholding,NA,NA,NA,NA,NA,NA,NA,NA,NA,NA,NA,Delen Capfi Private Bank,Belgium,NA,NA,0.77505363,0.2628,Ackermans & van Haaren,Belgium,"Thomson Reuters Eikon, 'Share ownership: Socfinasia SA -  31 December 2020', viewed in January 2021.",Thomson Reuters,Socfinasia,Socfinasia,NA,NA,NA,n/a,n/a,0.011546310017443167,NA,4
Socfin,Socfinasia SA,Luxembourg,NA,Socfinasia SA,Luxembourg,2020,2020-12-31,NA,NA,NA,NA,NA,NA,Shareholding,Shareholding,NA,NA,NA,NA,NA,NA,NA,NA,NA,NA,NA,FIDE Capital,Belgium,NA,NA,0.12567525,0.0383,FIDE Capital,Belgium,"Thomson Reuters Eikon, 'Share ownership: Socfinasia SA -  31 December 2020', viewed in January 2021.",Thomson Reuters,Socfinasia,Socfinasia,NA,NA,NA,n/a,n/a,0.0016815014588509468,NA,4
